Date,Region_Name,Area_Code,Detached_Average_Price,Detached_Index,Detached_Monthly_Change,Detached_Annual_Change,Semi_Detached_Average_Price,Semi_Detached_Index,Semi_Detached_Monthly_Change,Semi_Detached_Annual_Change,Terraced_Average_Price,Terraced_Index,Terraced_Monthly_Change,Terraced_Annual_Change,Flat_Average_Price,Flat_Index,Flat_Monthly_Change,Flat_Annual_Change
01/09/2022,Hartlepool,E06000001,237944.404,141.894913,1.13108427,7.77187793,140000.507,138.040564,1.20107441,6.94283187,99258.9335,136.842645,1.30135315,6.66581323,70044.0438,119.038127,0.36627109,2.88221623
01/09/2022,Middlesbrough,E06000002,261212.784,142.955772,2.20395926,16.6050575,148979.188,136.959915,2.2865144,14.7902189,105465.551,134.542158,2.40349203,13.4400729,78498.5362,117.771033,1.50136399,8.16606663
01/09/2022,Redcar and Cleveland,E06000003,252995.811,138.555311,1.55576994,14.7410189,155615.038,135.087776,1.67272814,13.6720993,117567.136,133.393437,1.67673344,13.4927195,73779.0299,116.621038,1.03223929,7.87762581
01/09/2022,Stockton-on-Tees,E06000004,267113.043,136.199616,0.0064646,11.7696252,153231.05,134.448421,0.19303761,11.3397661,118731.418,133.033682,0.19569496,11.2295541,88462.0929,114.736682,-0.6900743,6.69309844
01/09/2022,Darlington,E06000005,274052.004,132.680932,0.15075821,8.91508949,160353.144,129.921273,0.27943156,7.31342079,119830.2,127.107376,0.45780054,6.53216962,87091.7097,110.234331,-0.4627954,2.23915705
01/09/2022,Halton,E06000006,328624.172,165.461369,1.61086134,15.062984,195498.316,165.433558,1.82235492,15.658305,142347.173,160.65695,1.82464394,14.5260349,96178.2368,140.103652,1.2577308,9.53838072
01/09/2022,Warrington,E06000007,452727.428,173.185948,1.17615796,20.990997,261778.387,171.7239,1.41699291,20.9103491,208182.517,168.929598,1.4226206,20.3495076,145991.238,149.015382,0.62724417,15.3945924
01/09/2022,Blackburn with Darwen,E06000008,270492.435,154.039698,2.89964742,12.5939044,155481.99,149.235429,2.93351677,10.1240669,121531.59,147.115914,3.0872319,9.57998705,90297.9866,130.484746,2.07247021,4.53529334
01/09/2022,Blackpool,E06000009,237605.4,147.825109,0.44911215,13.4833459,160342.157,145.80773,0.46289659,12.4364236,119919.016,143.964112,0.52347415,12.1609644,82901.7435,127.859464,-0.3211622,7.38929377
01/09/2022,City of Kingston upon Hull,E06000010,259219.58,152.823864,-1.503063,10.5331809,157754.402,150.714322,-1.3772331,10.2723095,120185.904,147.151554,-1.382466,9.49809392,89858.4242,129.765275,-2.0502547,5.51893352
01/09/2022,East Riding of Yorkshire,E06000011,335310.081,152.751276,0.85901293,12.0760967,208768.508,149.176929,0.76359231,11.0046513,167213.346,145.96956,0.63763568,10.3797433,108277.577,127.53545,-0.0486983,4.84632146
01/09/2022,North East Lincolnshire,E06000012,258464.195,153.20344,2.58439987,13.2999024,166047.683,152.17342,2.61230114,13.4873136,121609.95,149.431565,2.7427131,12.2524625,80667.8085,130.722308,1.96914996,7.21489401
01/09/2022,North Lincolnshire,E06000013,252516.105,155.394949,0.09738864,9.22540555,161332.57,154.539151,0.06569223,9.29486257,133208.233,151.738453,-0.1330502,8.86252078,79801.377,132.454258,-0.77405,3.44058599
01/09/2022,York,E06000014,540629.138,161.004443,1.74628162,17.7359421,345460.686,159.42623,1.79374932,17.4318429,290060.524,157.209558,1.76222298,18.2755635,198805.074,137.104854,1.08158385,12.7078216
01/09/2022,City of Derby,E06000015,314686.489,153.617948,1.74393599,12.5951366,202161.732,153.868142,1.96636167,12.9691966,163587.325,150.951739,1.8939291,12.506682,112577.065,133.404714,1.05658161,7.17152281
01/09/2022,Leicester,E06000016,403291.308,178.494452,-1.4167738,10.6815072,259490.153,177.058714,-1.2550563,11.6232274,203029.37,173.601329,-1.4483988,11.2436427,148667.006,150.994342,-1.853463,5.39523445
01/09/2022,Rutland,E06000017,533937.687,159.495399,1.88337332,13.6095312,326770.363,157.064977,1.85177621,13.6254521,282085.688,154.173616,1.50995586,13.4431569,168644.281,138.130073,0.89112835,11.8610769
01/09/2022,City of Nottingham,E06000018,327261.048,174.586864,0.09513044,13.7616953,213348.295,174.814203,0.36234691,14.1259874,165005.665,170.769859,0.22423496,13.5756535,133471.813,147.363667,-0.3303624,8.36838964
01/09/2022,Herefordshire,E06000019,450991.123,156.275661,2.52254615,15.3791156,286508.907,154.172332,2.40959014,14.864427,212257.107,149.474605,2.11800626,13.7696556,135555.655,132.087407,1.63297509,8.56340342
01/09/2022,Telford and Wrekin,E06000020,350587.271,159.430758,1.06102436,16.2712925,201764.71,158.924158,1.26949371,15.9473196,171255.656,155.573183,1.04479046,15.5564225,101192.919,137.095855,0.34166758,10.6421571
01/09/2022,Stoke-on-Trent,E06000021,232570.557,160.483901,-0.0200431,11.1600043,151680.254,160.743803,0.22851351,11.4643138,118823.741,157.654539,0.3077267,10.9377403,87697.7923,137.545196,-0.4749694,5.39703909
01/09/2022,Bath and North East Somerset,E06000022,759487.055,165.296071,0.93720162,16.2720248,467127.428,163.770091,1.00590654,16.7390548,393911.218,159.103189,0.89943956,15.9618847,294779.975,141.278311,0.13326912,11.7379818
01/09/2022,City of Bristol,E06000023,699576.559,181.9758,2.57382985,16.901064,456064.611,182.53544,2.75456323,18.5441853,379741.913,177.492945,2.52846805,18.2377565,267528.431,155.488201,1.97913546,12.5575884
01/09/2022,North Somerset,E06000024,546859.569,166.623387,3.31152145,17.4276206,359709.721,165.829118,3.408612,17.7296993,281307.497,161.461204,3.18297897,17.2979167,198939.21,144.519808,2.54794771,13.0566108
01/09/2022,South Gloucestershire,E06000025,603760.019,173.791114,2.99164585,16.89172,391836.476,173.266787,3.15133736,17.3554363,306349.505,168.029726,2.85126029,16.3126684,200958.304,149.548982,2.10290926,11.5523149
01/09/2022,City of Plymouth,E06000026,414016.102,151.370864,0.34454854,13.9197078,258187.501,150.286468,0.42029722,14.0209842,219909.914,147.668032,0.51685322,13.9831354,135400.176,128.984363,-0.2874084,8.20857599
01/09/2022,Torbay,E06000027,452622.35,165.878465,2.21185623,19.1318891,305001.822,166.365389,2.17750394,19.9790711,234575.516,164.01392,2.0429739,19.7668554,163960.789,143.387059,1.27982867,14.084242
01/09/2022,Swindon,E06000030,475398.149,164.250176,0.17323202,14.6158572,299437.796,163.095645,0.32776345,14.6694981,234837.108,158.247352,0.19324187,13.441591,155898.206,137.83619,-0.4906745,8.59186399
01/09/2022,City of Peterborough,E06000031,395573.107,168.886369,0.59049917,16.7631003,251250.316,168.63268,0.76123609,17.0974839,196163.01,164.102321,0.52555689,16.0726646,125138.522,146.098838,-0.1273581,11.6651619
01/09/2022,Luton,E06000032,500376.519,176.723345,1.69955673,14.1279933,339391.628,177.146231,1.88338917,15.0243421,272606.998,173.334502,1.64117476,14.7397276,158991.048,152.93318,1.24077516,10.6114584
01/09/2022,Southend-on-Sea,E06000033,660245.715,173.369957,2.37627561,11.2582391,443815.774,173.219282,2.53297657,12.195247,345847.97,170.241955,2.43072671,12.0507606,217692.935,150.152634,1.67071267,7.26839216
01/09/2022,Thurrock,E06000034,663608.965,177.123546,2.08436929,13.479433,424494.565,177.440927,2.21908985,13.8717626,339005.424,172.98957,1.96661819,13.3221691,203984.484,151.182174,1.30309244,8.88151069
01/09/2022,Medway,E06000035,543783.939,171.02877,0.2709133,13.5733885,357305.466,169.727949,0.38307689,13.5785008,276309.615,165.950323,0.17843292,13.0893091,186618.472,145.771082,-0.4252916,8.42515404
01/09/2022,Bracknell Forest,E06000036,767674.779,148.077203,1.14909763,16.6403942,463266.842,148.633625,1.44744799,18.1034884,349125.529,143.344256,1.10181518,15.7637892,235459.225,129.90192,0.45964546,13.3814603
01/09/2022,West Berkshire,E06000037,707087.05,147.482384,1.25353071,14.5067975,423938.452,146.901314,1.31826916,15.4153001,334579.352,142.421431,0.96979163,14.4979024,218202.522,127.303659,0.2083638,9.6527614
01/09/2022,Reading,E06000038,699445.384,140.956192,0.55684727,10.096665,434426.666,141.764615,0.72134091,11.430147,340807.492,138.546431,0.37304748,11.2122442,226493.437,122.781936,-0.2015344,7.04856753
01/09/2022,Slough,E06000039,629649.208,150.131554,0.24822449,9.87466769,457624.922,151.101543,0.45554316,11.1934995,355962.948,147.929503,0.23159201,10.7494151,223246.674,129.455605,-0.3721887,5.6247403
01/09/2022,Windsor and Maidenhead,E06000040,1042881.92,137.863944,0.05597934,10.5621423,591480.455,136.791985,0.05779253,12.1489405,500547.091,133.661035,-0.1794617,11.9896367,317045.621,119.557966,-1.0039891,8.69847131
01/09/2022,Wokingham,E06000041,806374.627,155.909993,2.64246881,14.5072782,507548.546,155.418428,2.84155385,15.5749636,388058.195,149.175828,2.51078684,14.0408853,259464.774,133.838111,1.68977672,10.2822764
01/09/2022,Milton Keynes,E06000042,574155.076,168.012696,4.08260815,16.8576852,342167.489,167.009244,4.2137632,16.7592126,281985.359,162.303144,3.8906345,15.6730894,177496.821,144.861718,3.14570231,11.3510647
01/09/2022,Brighton and Hove,E06000043,880813.261,164.2646,0.99722222,15.8748425,572412.343,165.159809,1.15719041,17.5086453,508576.286,160.267634,1.06525244,17.0973513,343508.766,140.28367,0.41862946,10.8283915
01/09/2022,Portsmouth,E06000044,530025.946,159.689351,1.04571652,11.8213845,362386.909,159.901981,1.07275588,12.820576,279589.453,156.246847,0.80298357,12.4175657,176178.411,135.21119,0.0506381,6.29886395
01/09/2022,Southampton,E06000045,439367.933,151.006325,1.47875061,11.8660099,315941.643,152.073344,1.61803048,12.998921,260943.331,149.752751,1.38560897,12.8214267,169795.242,130.629069,0.64580773,7.43308869
01/09/2022,Isle of Wight,E06000046,436849.003,162.967831,0.21674435,15.5219972,300671.759,162.223185,0.25799079,15.8434911,237981.793,159.377484,-0.0125061,15.5654344,156327.383,140.031549,-0.759501,10.2761682
01/09/2022,County Durham,E06000047,223239.344,145.664261,2.66784926,11.1708348,131838.225,142.578334,2.80159137,10.1503193,106992.521,139.718479,2.71755673,9.52233628,79476.1341,123.088132,1.86921161,5.52702069
01/09/2022,Cheshire East,E06000049,493555.724,159.932027,2.58548179,19.4962761,280232.286,157.832669,2.6935223,19.381505,214443.798,153.177578,2.52652724,18.4703081,153563.073,134.647635,1.59385718,13.7724752
01/09/2022,Cheshire West and Chester,E06000050,422250.533,152.127595,2.30240883,13.9016715,254466.742,150.427701,2.40744846,14.1671465,201364.635,147.572069,2.28486931,13.7609764,136887.711,128.244407,1.46888741,8.41683893
01/09/2022,Shropshire,E06000051,416532.238,157.263479,0.74418561,15.4555333,260266.782,154.540566,0.63064193,14.7280558,208488.466,150.689898,0.44133518,14.0743598,140005.612,131.901134,-0.3052039,8.80664302
01/09/2022,Cornwall,E06000052,474736.327,164.96271,1.94645742,19.057192,314818.892,164.065674,1.88610178,19.5155994,257557.342,160.0878,1.6195097,18.6842188,173249.255,141.275738,0.92152069,13.4333156
01/09/2022,Wiltshire,E06000054,539328.354,158.859804,1.3907344,17.3252378,340436.223,157.517803,1.43784686,17.2898998,270468.228,152.68291,1.13750175,16.0913991,164737.694,134.112076,0.35580753,10.6197871
01/09/2022,Bedford,E06000055,589122.399,168.180099,1.09600325,12.9031843,355109.303,166.789778,1.08617916,12.2457382,275480.858,161.774529,0.81893544,11.5247133,182960.25,143.264523,0.31770899,7.74350842
01/09/2022,Central Bedfordshire,E06000056,652422.328,171.594949,0.25130079,16.7841893,399799.577,168.708628,0.35030747,15.9842989,324560.231,162.722005,-0.0168956,14.7558074,197657.249,144.154695,-0.6592474,10.3026177
01/09/2022,Northumberland,E06000057,348146.564,148.275353,3.13592729,16.6324625,193008.832,144.825613,3.16771572,15.3485211,158658.971,141.636058,3.07417867,14.7081792,101047.166,124.819557,2.28278449,9.78487928
01/09/2022,Bournemouth Christchurch and Poole,E06000058,602208.028,158.999103,2.16368227,17.5049657,388267.999,157.976364,2.35936375,19.0933287,315755.388,150.293243,2.04909409,18.4887482,224244.867,138.955011,1.30177865,13.4777747
01/09/2022,Dorset,E06000059,555497.041,156.030249,0.95748766,17.3312566,366626.013,157.683736,0.97024841,18.0693139,292974.259,153.900938,0.67199896,17.2152741,196490.597,134.088656,-0.0985514,12.3898689
01/09/2022,Buckinghamshire,E06000060,892882.659,153.418784,0.36727671,13.894672,485502.176,153.981156,0.4527758,15.01632,380372.038,149.642004,0.13838289,14.0633232,250572.141,132.238513,-0.4782262,10.1676159
01/09/2022,North Northamptonshire,E06000061,439395.016,182.071811,0.91540838,15.1391279,264015.313,180.775518,0.96497749,14.994682,213559.982,175.870728,0.81158263,14.5119046,129683.672,155.691911,0.26030621,9.38959803
01/09/2022,West Northamptonshire,E06000062,490612.468,159.526066,0.15655684,13.2167903,287214.723,160.071814,0.2234121,13.0735182,231134.755,159.156613,0.12122894,13.0039764,148971.976,139.745263,-0.5284041,7.97647049
01/09/2022,Cambridge,E07000008,1075746.39,149.489845,0.78612699,10.9976205,634112.048,146.266694,0.98998777,11.8879138,540397.25,143.468111,0.8970136,12.1798448,323424.29,126.672674,0.05882266,7.31896464
01/09/2022,East Cambridgeshire,E07000009,488753.283,163.253532,1.34078743,17.1345495,323119.819,161.569458,1.25003359,16.75376,281440.503,156.664414,0.97923132,16.3141581,174397.336,136.108685,0.2319623,10.7568108
01/09/2022,Fenland,E07000010,334264.386,170.473115,0.79928458,17.942032,225451.851,169.514729,0.6563977,17.970827,171306.458,165.22182,0.41256505,16.9954118,101320.017,145.093658,0.14503944,13.1153776
01/09/2022,Huntingdonshire,E07000011,512132.183,164.693555,-0.630845,17.089502,314728.956,162.826937,-0.5063573,16.6099434,250560.283,158.200321,-0.801447,15.4862909,159414.404,139.337691,-1.5132098,9.79248165
01/09/2022,South Cambridgeshire,E07000012,660908.369,154.446783,1.38465447,17.4455833,423196.035,152.414208,1.41513183,17.0446224,348720.905,147.225553,1.02369187,16.0520317,235334.083,129.523346,0.30824646,11.6432452
01/09/2022,Allerdale,E07000026,279165.623,141.093776,-1.772028,13.6356661,180919.872,137.454598,-1.9882788,12.7385217,148624.888,133.687541,-2.0578947,11.8594284,108601.565,118.715016,-2.7624469,8.01584834
01/09/2022,Barrow-in-Furness,E07000027,253002.738,142.775537,0.84564466,3.95737539,175788.76,141.774599,0.88196173,4.05525598,122218.296,139.005492,1.07310966,3.5346776,80222.5125,121.224819,0.03158169,-2.0182752
01/09/2022,Carlisle,E07000028,287434.801,138.602864,2.38841938,12.9552962,173206.631,135.026799,2.35806109,11.6839445,132760.088,131.273917,2.36511812,10.6625075,89874.6435,115.341979,1.56998509,6.17004367
01/09/2022,Copeland,E07000029,252495.589,145.026439,2.27883666,12.7580801,149878.253,144.147926,2.10798753,12.267446,121996.064,139.835755,1.91219291,11.3920474,91590.6948,126.08075,1.33778984,6.89173953
01/09/2022,Eden,E07000030,395817.727,160.242067,3.2381924,19.215304,260354.484,158.275139,3.06690035,18.5089954,213631.937,153.018051,2.70848561,17.2048435,144287.08,136.429733,1.6665014,12.4019243
01/09/2022,South Lakeland,E07000031,464974.154,146.914215,-0.700197,15.0161276,307439.221,145.000617,-0.8573127,14.661687,252051.774,140.45208,-1.0739508,13.9378137,171445.608,125.329491,-1.77331,9.86312337
01/09/2022,Amber Valley,E07000032,324870.102,157.985247,2.14074642,11.67501,202433.046,156.676381,2.37326682,11.7423599,165862.268,152.386343,2.03959621,10.890221,119852.843,131.791398,1.20430962,5.68258239
01/09/2022,Bolsover,E07000033,250068.182,174.949806,0.43418823,15.4930923,163292.21,173.25319,0.69669578,15.4083908,134467.764,168.483947,0.46748651,14.0605357,89689.7503,151.429255,-0.0180301,9.92690401
01/09/2022,Chesterfield,E07000034,304131.745,155.981659,1.64204587,9.31817073,188190.331,154.038009,1.85038359,8.58039316,147624.784,150.597705,1.74686194,8.29837175,111998.646,131.19666,0.93374745,3.45299281
01/09/2022,Derbyshire Dales,E07000035,483957.043,153.277538,2.41237065,16.444359,310214.331,151.690765,2.38126893,16.1797283,261527.007,147.306493,2.00631755,15.3767825,191202.354,132.228673,1.36318899,11.3839324
01/09/2022,Erewash,E07000036,312963.964,163.417282,-0.1036416,14.8960298,211185.71,165.23955,0.12605917,16.2571031,165869.431,161.544708,-0.0376947,15.298734,115262.405,140.927792,-0.6306724,9.3926124
01/09/2022,High Peak,E07000037,443358.704,165.360965,-0.6443259,12.8945254,278632.465,165.358898,-0.4887991,13.3487463,206834.587,159.527446,-0.7396697,11.9946522,144523.577,141.083885,-1.5210087,7.45005802
01/09/2022,North East Derbyshire,E07000038,337681.986,164.987148,-0.1361847,19.5347262,214558.892,163.387783,-0.0151294,19.6474375,179233.915,159.096096,-0.2348111,18.7023799,117705.229,140.670604,-0.9836083,13.2084992
01/09/2022,South Derbyshire,E07000039,358250.369,155.620646,0.20536801,17.9458054,221469.648,153.239129,0.30063689,17.0773929,181705.968,147.668143,0.03470091,15.5639773,135714.682,131.579278,-0.7669311,11.3059321
01/09/2022,East Devon,E07000040,569790.567,160.665435,4.22787624,18.1111878,374926.772,159.484842,4.15092625,18.4344074,304646.571,156.663414,3.91454987,18.339669,205336.764,135.547583,3.03973573,11.8487452
01/09/2022,Exeter,E07000041,606940.739,159.427894,0.09834056,17.8503928,376280.74,157.014424,0.16943768,17.6603313,311855.961,151.934696,-0.0958625,17.1267707,188656.111,133.098583,-0.7276447,11.6505909
01/09/2022,Mid Devon,E07000042,463227.478,157.725178,0.66290541,14.7822278,300427.807,156.722117,0.51923905,15.0018597,239963.508,151.542808,0.2327353,13.5432851,155367.864,134.772072,-0.5117391,9.6903619
01/09/2022,North Devon,E07000043,497784.224,170.32927,1.02345287,22.3669363,361823.538,167.641015,1.06084648,21.7103945,260923.932,162.734949,0.85237328,20.4896692,168491.377,144.720764,0.17153339,15.156205
01/09/2022,South Hams,E07000044,645150.241,156.057045,1.46755814,23.8185368,420695.864,155.922063,1.4008017,25.2049381,334124.862,150.346895,1.09117665,23.7796532,232421.371,131.703996,0.27496864,17.8315393
01/09/2022,Teignbridge,E07000045,501580.681,160.514559,1.22092329,17.4168445,331471.636,158.147017,1.32049572,17.3648721,259139.243,154.968952,1.01644224,16.9197381,175400.192,137.238539,0.29491522,11.8879106
01/09/2022,Torridge,E07000046,466566.085,164.734674,-0.5145138,18.2378733,308718.685,164.80871,-0.6071865,18.3771343,240696.519,159.722155,-0.8048867,17.8797282,159026.868,141.133245,-1.6616171,12.1673726
01/09/2022,West Devon,E07000047,493395.694,164.541523,4.25438274,19.4496127,333025.043,163.318022,4.12975402,19.4436044,257184.102,157.990292,3.9045384,18.2004466,158246.546,142.009,3.00607632,14.7535542
01/09/2022,Eastbourne,E07000061,589021.524,166.839786,-1.1231241,13.3505928,405308.124,167.103743,-1.0140538,13.7919864,317384.332,164.774316,-1.0654933,13.7902481,209760.724,143.378296,-1.821065,8.20730546
01/09/2022,Hastings,E07000062,568872.766,201.750983,0.76420015,14.3707387,395392.321,203.414836,0.9075099,15.3722886,305612.831,199.370863,0.78836652,15.3499856,179647.998,175.610955,0.40005854,9.72554224
01/09/2022,Lewes,E07000063,630757.299,157.030767,1.72326223,11.9414098,434872.805,156.079958,1.79143092,12.7142525,352570.394,153.646439,1.55792934,12.4575897,212693.937,135.061511,0.74914635,6.95216556
01/09/2022,Rother,E07000064,614763.859,174.04888,0.74685954,16.2404987,388744.508,174.720303,0.6884452,16.9091661,319256.584,170.924921,0.43773137,16.3375883,205659.814,148.755034,-0.3017364,10.6323723
01/09/2022,Wealden,E07000065,645583.861,160.686198,0.89710955,12.4813272,393233.929,159.456938,0.82372708,12.605218,330816.68,155.905599,0.53106479,12.0708921,206560.719,136.329106,-0.2024457,6.49710407
01/09/2022,Basildon,E07000066,717794.395,175.69877,1.74644596,14.2957615,442592.474,175.347806,1.90145956,14.9172223,337569.874,173.226536,1.76733548,14.6704645,250262.611,153.214761,0.98155126,9.09454698
01/09/2022,Braintree,E07000067,600071.87,169.893224,1.01189841,14.0691512,365590.677,167.206708,1.07248762,13.3741955,299557.124,162.06495,0.73844078,12.0702458,183022.654,144.894145,0.15279337,8.50301467
01/09/2022,Brentwood,E07000068,900419.083,155.518992,0.8293618,7.40729563,544378.804,154.794722,1.07648818,9.32278209,402543.296,151.663015,0.81697656,9.19494252,274951.193,132.332257,-0.0288067,4.32037066
01/09/2022,Castle Point,E07000069,518461.608,169.3102,0.95587049,12.5723011,366783.145,169.434039,0.98165285,13.4688368,311085.852,169.578244,0.80962237,14.4325049,190016.213,149.036733,0.07828436,8.84369995
01/09/2022,Chelmsford,E07000070,704114.05,155.700107,1.42126989,15.3017286,433656.748,154.047981,1.45244673,14.9264106,340371.734,149.82398,1.1105314,14.0036546,223348.864,131.311236,0.39518904,8.82260524
01/09/2022,Colchester,E07000071,556341.153,167.06758,0.65544547,14.7553236,351517.998,166.780182,0.75674785,15.081524,285101.501,163.102577,0.53122067,14.6022334,180810.497,143.597994,-0.1128693,9.31321613
01/09/2022,Epping Forest,E07000072,1050865.36,150.060796,-1.1744204,8.73582353,615167.59,149.287008,-1.2329334,9.82448218,460315.994,146.51802,-1.4895895,9.61566381,306074.495,127.442455,-2.2802801,4.62378368
01/09/2022,Harlow,E07000073,684794.917,167.878057,1.43336348,14.1788268,463960.331,170.412984,1.60550694,16.7278664,333499.782,161.846188,1.29378633,12.6018081,197182.74,143.503613,0.33635494,9.4213501
01/09/2022,Maldon,E07000074,635751.177,174.963915,4.82586047,13.9837605,393362.317,173.297155,4.87959346,14.1234416,292357.805,167.11501,4.48211164,11.9734183,181520.55,145.626955,3.69724146,6.36106539
01/09/2022,Rochford,E07000075,653219.543,174.715785,2.01931896,11.3114277,403752.897,170.314161,1.95875756,10.6960643,341130.809,167.349343,1.70823201,10.6059037,192170.518,144.934056,0.96338623,4.01631986
01/09/2022,Tendring,E07000076,387941.31,173.20782,-0.2751318,15.6368882,270738.24,170.438988,-0.3195008,14.9914536,220104.788,168.819377,-0.3833615,15.0580019,146094.678,147.916816,-1.1390177,9.66155529
01/09/2022,Uttlesford,E07000077,776907.91,159.731758,0.96014712,12.7115772,476507.795,156.2203,0.92093992,12.1834832,378958.349,151.95217,0.55698507,11.5902976,209125.919,133.204353,-0.1337118,6.22537398
01/09/2022,Cheltenham,E07000078,649332.061,165.014561,3.25230927,17.5748232,410849.432,164.349263,3.29270699,18.6465249,331172.783,159.617273,3.1361971,18.3128842,226673.859,140.590024,2.56320559,13.1976683
01/09/2022,Cotswold,E07000079,779980.121,167.761147,1.7169922,20.8089395,472111.552,165.658632,1.56474528,21.3825031,402719.168,159.457677,1.25434068,20.3996618,223611.508,141.797438,0.5251399,15.0304642
01/09/2022,Forest of Dean,E07000080,420252.014,170.468761,0.65318881,18.4840243,270701.429,167.709856,0.476092,17.6153266,220605.877,163.043496,0.25021241,17.1813312,132348.848,142.913226,-0.8219496,10.7361237
01/09/2022,Gloucester,E07000081,429558.682,163.212653,2.45796424,13.7145754,282290.798,163.130488,2.69987888,13.7869285,209385.108,159.50261,2.52907704,13.1453279,139661.78,140.121919,1.88216881,8.38298469
01/09/2022,Stroud,E07000082,572217.357,170.706881,2.47676971,23.4373185,349242.593,169.299295,2.44092034,23.5305492,278776.704,163.249634,2.11052848,22.3758564,177426.676,142.876026,1.37872355,16.1563543
01/09/2022,Tewkesbury,E07000083,579490.769,167.979778,1.63142256,18.7222257,341173.739,163.608602,1.57131516,17.5874855,262398.067,158.489212,1.31682977,16.1146894,157240.605,140.052906,0.48134163,10.3942804
01/09/2022,Basingstoke and Deane,E07000084,646757.033,150.863026,0.56837072,14.334641,401545,151.159217,0.69077373,15.1173533,307317.21,146.373024,0.37973748,13.5661548,193276.409,129.02943,-0.2979049,10.2788644
01/09/2022,East Hampshire,E07000085,743250.007,158.616953,1.22750632,15.5412824,465941.074,159.397016,1.29472298,16.8083907,365133.092,152.29544,0.89985257,14.5000933,218956.781,133.55352,0.15909354,9.10875016
01/09/2022,Eastleigh,E07000086,589448.875,161.348034,0.01444486,14.2363746,376448.681,161.840341,0.23852855,14.772786,306140.968,156.311771,-0.0560101,13.8645911,187787.113,136.732323,-0.742944,8.85773936
01/09/2022,Fareham,E07000087,590778.259,160.235717,2.15164742,13.643294,359538.066,158.519181,2.28329884,13.6428478,300784.701,156.503127,2.09599661,14.0813718,183788.428,137.698148,1.22000753,8.21660624
01/09/2022,Gosport,E07000088,502079.831,164.530735,1.565804,14.2691516,330067.96,165.757668,1.63988175,15.2677743,255991.066,163.024201,1.51152115,15.0594327,171565.328,142.087835,0.75057709,9.38430329
01/09/2022,Hart,E07000089,791738.092,146.554155,1.75427689,14.0973841,473850.332,147.467261,1.97852745,15.4610632,389685.046,141.742151,1.60507274,13.9098132,254517.16,126.302325,0.72621161,10.1971464
01/09/2022,Havant,E07000090,536408.771,159.252093,-0.0681826,12.1265982,363282.512,159.387237,0.13136754,12.8864421,273795.412,157.167196,-0.1509208,12.4786789,168068.49,137.179807,-0.8470863,7.34408893
01/09/2022,New Forest,E07000091,608382.907,155.762648,0.42547782,13.9462152,408965.022,155.740738,0.55460759,15.1515381,320826.8,151.479133,0.26281058,14.3962603,219256.562,133.536695,-0.5869694,9.30450106
01/09/2022,Rushmoor,E07000092,655051.119,156.613881,2.99234148,15.5654501,430203.099,157.529424,3.24374948,16.8749898,347214.619,153.338368,2.92032975,15.6519077,216773.883,136.312809,2.15795057,11.4469731
01/09/2022,Test Valley,E07000093,671967.377,160.50858,1.47329241,16.2140032,402182.755,160.882351,1.54531832,17.2604211,322912.626,155.528312,1.22390617,15.7696654,205898.088,138.326848,0.41636858,12.3295304
01/09/2022,Winchester,E07000094,842649.544,146.841462,0.59623749,10.659036,512470.986,146.809022,0.68232708,11.3893803,429330.22,142.505565,0.40299109,10.4409495,253128.436,124.077408,-0.4464755,5.13872737
01/09/2022,Broxbourne,E07000095,874389.53,152.275813,-2.0265815,7.18037037,508997.178,150.420071,-1.7505884,7.6146885,389923.276,147.187835,-2.0267831,7.12582111,226383.448,128.255397,-2.7176503,1.42364036
01/09/2022,Dacorum,E07000096,1013207.83,155.664279,1.40797041,9.24880438,556670.866,157.453859,1.69154974,11.096262,419902.357,153.859514,1.37163165,10.5372076,281285.931,134.222488,0.58783261,5.28511901
01/09/2022,Hertsmere,E07000098,1203293.24,154.500025,2.16341359,6.22286755,656826.78,153.672842,2.35655818,8.91574428,505420.579,152.24812,2.17077269,9.52319067,342880.913,134.930809,1.28741366,5.13108525
01/09/2022,North Hertfordshire,E07000099,760133.704,157.428263,-0.0883591,9.97707657,471796.852,155.635454,0.07951445,10.2472749,363128.022,152.183002,-0.2038546,9.99244484,229704.576,133.27247,-1.0234262,4.37758039
01/09/2022,Three Rivers,E07000102,1211190.65,155.584236,-0.0994739,12.0465169,626908.663,154.946653,0.09833777,14.7813453,469887.483,150.737573,-0.0521506,14.4151222,317851.011,132.322666,-0.856271,10.4563835
01/09/2022,Watford,E07000103,959992.498,153.64592,-0.7931325,6.42478446,538465.405,154.878028,-0.5701641,8.53683277,426350.413,150.965896,-0.8928979,8.67358059,274696.843,130.89818,-1.4633282,3.28891119
01/09/2022,Ashford,E07000105,586205.842,158.901347,2.32000196,12.7466591,356758.115,157.810949,2.30553028,12.4559167,292134.233,154.01544,2.03926007,11.9284908,188319.431,135.627585,1.38195346,7.27210709
01/09/2022,Canterbury,E07000106,567025.302,158.690231,-0.6782197,9.28020933,377252.769,158.237639,-0.6260322,9.62797756,315546.465,154.723653,-0.7816857,9.43182569,202337.347,136.106215,-1.4749863,4.48221471
01/09/2022,Dartford,E07000107,742126.656,171.291393,-0.2702222,15.0126328,469904.535,170.258909,-0.159938,15.7982956,365284.88,164.985335,-0.3957843,14.5605621,239226.605,145.786624,-1.076082,10.2190626
01/09/2022,Dover,E07000108,544497.743,176.036758,3.35445112,18.1872855,352284.848,173.80545,3.35969687,17.5530742,270667.83,170.047426,3.19940865,16.9338313,180305.874,149.027935,2.27178078,11.8123466
01/09/2022,Gravesham,E07000109,667023.556,161.6428,1.82241415,8.11186984,395975.535,163.189956,2.01832879,8.97260793,306920.492,160.145608,1.81114564,8.77569269,176288.521,139.034735,1.03566451,2.73608898
01/09/2022,Maidstone,E07000110,625507.568,161.927845,2.74069895,16.8864589,397114.874,158.763024,2.65793455,15.8165124,305739.682,154.43643,2.40890388,15.2247763,194592.784,136.070569,1.78577424,9.93577119
01/09/2022,Sevenoaks,E07000111,992822.968,159.1196,0.17627617,13.4245491,548770.508,159.99557,0.24206937,15.447292,419573.537,156.26299,-0.0929607,14.4489499,281085.285,139.822145,-0.889215,11.5205412
01/09/2022,Folkestone and Hythe,E07000112,568249.338,175.2673,0.03862843,17.0879364,381095.701,174.35527,0.1116098,17.2515413,289168.62,171.292776,-0.0383766,16.8535573,188715.06,151.565953,-0.4950067,11.9955853
01/09/2022,Swale,E07000113,510083.808,172.068078,0.33804551,16.4368277,329732.101,170.623662,0.39963353,16.539156,270721.337,167.581054,0.21499589,16.2363129,168231.417,147.608759,-0.4925259,11.9238721
01/09/2022,Thanet,E07000114,540419.323,190.78611,-2.5784724,15.3497478,371489.593,188.891317,-2.5519607,15.2887213,293628.863,187.38658,-2.5190191,15.5601953,190117.947,164.562358,-3.3025319,10.1642687
01/09/2022,Tonbridge and Malling,E07000115,795217.131,165.120873,1.29061183,15.0289342,469858.011,165.377439,1.4077384,16.1468756,378021.813,160.669379,1.10424743,15.2731143,255815.022,142.143617,0.2690206,10.4853843
01/09/2022,Tunbridge Wells,E07000116,957503.605,160.907616,2.2958044,15.5732452,525678.656,161.843057,2.36334223,16.0407686,434525.623,156.580161,2.10858181,15.0787422,284853.838,137.671056,1.50828557,10.2601172
01/09/2022,Burnley,E07000117,222308.145,166.524498,-1.6073227,13.3620181,143805.252,163.823808,-1.4850712,12.5597301,99038.2253,159.489123,-1.2375125,11.2548251,74025.3602,143.543618,-1.9128704,7.50705249
01/09/2022,Chorley,E07000118,346184.183,153.04009,0.43930304,9.63647931,208631.045,150.098453,0.54445557,9.74758597,161958.66,146.450549,0.51324387,8.79062062,128553.032,131.470068,-0.3350976,4.6956593
01/09/2022,Fylde,E07000119,382577.79,141.411593,-1.4137713,16.7003158,251627.617,137.396265,-1.4796981,15.6644233,201900.726,134.915086,-1.6963964,15.5607616,130174.231,117.857399,-2.3826815,9.7181078
01/09/2022,Hyndburn,E07000120,239738.332,157.501354,-0.3478061,8.47878468,154455.804,156.493641,-0.1550866,8.18733034,111395.685,153.492663,0.21729685,7.37415765,76785.4484,139.876255,-0.8895489,2.89158413
01/09/2022,Lancaster,E07000121,343312.176,150.56055,1.97518293,14.5442447,211620.476,147.157312,1.88625291,13.4671913,172880.431,143.92749,1.91848682,13.2202282,114531.047,127.603041,0.95128905,8.60002622
01/09/2022,Pendle,E07000122,264784.841,165.391498,0.82878248,10.8608703,170812.855,164.104837,0.81418732,10.7740217,116445.84,158.393086,0.71753451,8.7915911,84828.3005,143.588328,0.16118342,6.9805947
01/09/2022,Preston,E07000123,294848.529,137.464287,-0.4179356,10.2191143,178385.92,133.803885,-0.3009975,9.05252358,124805.371,131.354096,-0.2568599,8.29321238,85077.6905,114.826269,-1.1125309,3.61918823
01/09/2022,Ribble Valley,E07000124,436350.935,143.987064,-0.2438981,16.0022566,268701.245,141.128663,-0.3547133,15.5143175,201554.629,135.010034,-0.5358358,13.3546951,167136.918,120.118424,-1.6503675,9.62831186
01/09/2022,Rossendale,E07000125,319140.211,171.132926,-2.3166063,9.85355977,202842.733,171.265446,-2.0102812,10.7346678,150482.788,165.237602,-2.2029455,9.32302809,125527.184,150.844484,-2.9732919,6.17947084
01/09/2022,South Ribble,E07000126,326759.949,146.488787,0.33974859,10.0724795,200887.421,143.931685,0.39510206,9.79150855,154432.041,141.193162,0.35578796,9.20708475,109545.407,122.118025,-0.3848552,4.62832093
01/09/2022,West Lancashire,E07000127,368313.564,154.709815,2.05861847,15.5950926,220918.109,152.481672,2.03201753,14.8852006,163673.444,149.645165,1.92454281,14.1378203,118549.027,130.282128,1.10276409,8.27633891
01/09/2022,Wyre,E07000128,298372.258,145.040975,0.06864021,12.6314633,188950.869,139.678575,-0.1887293,10.442147,150692.981,139.900852,-0.1055961,10.9665322,101485.375,121.31078,-0.9811078,5.27359145
01/09/2022,Blaby,E07000129,420957.365,174.779552,0.9089681,12.6781829,262268.68,172.384247,1.01489191,13.1771868,219618.603,167.409462,0.69517905,12.3429076,142415.373,148.011481,0.10970745,9.0240819
01/09/2022,Charnwood,E07000130,446138.88,169.200579,1.85869715,18.1721603,272104.768,165.820595,1.91412197,17.9377005,216820.802,161.458955,1.67674018,17.1490785,144652.555,143.416498,1.10730509,13.2872208
01/09/2022,Harborough,E07000131,523346.549,163.436327,2.84736831,15.1361671,312828.072,160.776763,2.84222537,14.4112917,259064.238,154.562342,2.49013653,13.0692966,174145.316,137.32503,1.91292089,8.50584983
01/09/2022,Hinckley and Bosworth,E07000132,419430.382,174.785229,0.09449439,17.6909018,266835.858,173.459741,0.19461204,18.2137207,217995.273,169.024968,0.02545178,17.5655266,136313.168,149.145866,-0.2712698,12.2850532
01/09/2022,Melton,E07000133,414354.626,161.530637,0.86101359,13.4660602,270908.892,160.584382,0.79527417,13.0000689,211591.981,155.523737,0.52547638,12.3935686,138049.433,137.542585,0.20204029,7.57305018
01/09/2022,North West Leicestershire,E07000134,392275.984,170.871453,1.15859627,18.6891331,245058.991,167.388632,1.27315088,18.4676908,197677.109,161.425479,0.94404677,16.8639976,141127.897,140.844683,0.27616404,11.2462571
01/09/2022,Oadby and Wigston,E07000135,435584.35,163.049153,-0.3098413,12.29507,259017.366,161.342147,-0.1556642,12.0446233,196658.113,157.594475,-0.3146372,10.846335,157561.632,137.432729,-0.8694161,5.23160216
01/09/2022,Boston,E07000136,280277.377,157.77152,4.26461876,14.6480387,175880.898,157.795915,4.27822526,15.4256787,140316.235,155.420815,4.05748115,14.3136241,96141.988,136.980393,3.51799536,8.19638922
01/09/2022,East Lindsey,E07000137,287532.628,165.102219,0.59121345,14.7415837,197334.736,164.269255,0.44298683,14.7999969,155688.434,160.536453,0.2972307,14.115414,104218.74,141.537529,-0.2139757,9.23591698
01/09/2022,Lincoln,E07000138,297780.219,146.560776,0.79650906,8.83608391,202357.456,147.399776,1.02550021,9.81280804,154849.267,143.699219,0.93528672,9.11155524,113211.289,127.475614,0.22404557,4.70767515
01/09/2022,North Kesteven,E07000139,333902.133,165.756122,2.15683819,16.0117922,227518.011,165.573377,2.17824269,16.8303798,186015.523,160.682093,1.98101788,16.2934495,116912.506,137.367401,1.05113094,9.47259166
01/09/2022,South Holland,E07000140,316468.829,168.493159,3.40725237,18.1874685,218406.332,170.114297,3.33987804,19.7147509,175498.252,166.227242,3.10286193,18.713428,101878.309,141.037154,2.57714109,10.2098855
01/09/2022,South Kesteven,E07000141,401618.749,170.700397,5.1338137,20.1983125,259130.711,170.166994,5.16048871,20.7633864,207427.955,166.820377,5.04840914,19.8611102,130305.458,147.361181,4.18291559,14.6407993
01/09/2022,West Lindsey,E07000142,295669.035,158.882602,-0.3405025,15.8875052,190967.51,158.65017,-0.4902475,16.0659114,153733.926,154.349222,-0.6137329,14.6417835,108709.723,136.811559,-1.1089487,10.5926677
01/09/2022,Breckland,E07000143,387805.164,160.681398,-0.0088859,15.0383926,260696.913,160.630456,-0.0213258,15.8324733,200441.936,155.791353,-0.3120901,14.6397949,119277.844,137.100226,-0.8420778,9.51476606
01/09/2022,Broadland,E07000144,454756.435,166.091523,1.20123737,14.715624,297556.911,164.79424,1.12205747,14.8948851,249239.508,162.027952,0.96327179,15.7056318,160816.826,142.448289,0.09639002,10.2745006
01/09/2022,Great Yarmouth,E07000145,340159.612,164.546183,-1.3836563,17.5201938,228714.3,163.715836,-1.4099658,17.9217089,175997.094,160.256299,-1.4921999,16.3983189,107703.907,141.065007,-1.9037056,11.9738028
01/09/2022,King's Lynn and West Norfolk ,E07000146,373194.475,162.892496,0.63986488,14.5910735,252299.45,162.104098,0.55578805,15.0509205,206690.96,158.608413,0.37321928,14.4173933,126716.03,138.199754,-0.3708718,8.5736664
01/09/2022,North Norfolk,E07000147,474048.572,176.338135,3.65300543,22.0385555,314496.868,174.52189,3.59535671,21.9741584,266345.232,170.402551,3.27512237,21.7258682,173837.549,150.652996,2.74793454,16.3917137
01/09/2022,Norwich,E07000148,474336.008,152.477125,2.54384112,11.1996865,293821.963,153.691975,2.78584077,12.3049195,265300.546,150.433801,2.36293903,12.1876306,161081.096,133.759015,1.75931113,7.06504983
01/09/2022,South Norfolk,E07000149,456279.734,169.42349,1.44609271,15.765588,302036.034,166.811731,1.3771645,15.1578868,252531.326,162.100566,1.13740137,14.4244377,166963.768,143.226801,0.3151861,9.86868011
01/09/2022,Craven,E07000163,482499.481,159.7217,2.27706182,22.2799983,310386.006,155.964312,1.96878284,20.4669986,234251.18,151.261228,1.75821625,19.6626371,190678.999,141.150375,0.84405747,17.8899369
01/09/2022,Hambleton,E07000164,423953.898,144.407031,0.76280089,17.9116249,275682.841,142.24719,0.70044353,17.8362933,223519.549,137.956495,0.3975139,16.460738,129317.003,120.476716,-0.5144734,10.8098332
01/09/2022,Harrogate,E07000165,591731.565,149.478352,0.1161977,18.8306031,350519.134,146.775126,0.02646653,17.98046,285462.987,143.096974,-0.0382266,17.5913538,199568.195,126.604359,-0.7258665,13.1253008
01/09/2022,Richmondshire,E07000166,378313.026,156.148613,4.48020483,15.3564351,256701.404,154.923958,4.45369487,15.827234,224608.764,150.896262,4.20480774,15.2814694,129693.764,132.026662,2.99647758,11.0248184
01/09/2022,Ryedale,E07000167,446662.389,161.452042,2.08815644,18.999743,297360.59,160.186639,1.95065893,19.2937785,245311.381,154.127096,1.63312119,17.9778871,175649.927,135.773498,0.65864749,11.8695617
01/09/2022,Scarborough,E07000168,337503.234,154.135721,0.73420011,11.7971368,226469.789,151.68461,0.61380778,11.2220388,184985.669,149.555441,0.70103369,11.3976088,135792.193,132.374488,0.01410808,6.97939412
01/09/2022,Selby,E07000169,373480.771,155.639362,-0.1856879,13.4288607,223998.331,152.094969,-0.2271258,12.6071124,190774.607,148.465883,-0.4224588,11.3744998,119655.897,131.626889,-1.17946,6.12475528
01/09/2022,Ashfield,E07000170,269995.466,166.069018,1.34615309,11.7069157,176523.582,165.128276,1.59289563,11.8987002,144225.843,162.431264,1.46096361,11.7272992,96134.282,142.487021,0.8158619,7.39070951
01/09/2022,Bassetlaw,E07000171,299277.087,162.358257,0.30149941,14.339168,175453.967,160.452662,0.37643585,13.7406929,144545.246,157.002026,0.14726796,13.0113196,99262.7821,138.975892,-0.2780024,6.71935778
01/09/2022,Broxtowe,E07000172,346761.383,169.344217,0.92863909,15.8869097,235535.975,170.53729,1.13095148,17.1752458,184265.094,166.532613,0.89196855,16.3670572,126811.466,148.46131,0.39095863,12.056828
01/09/2022,Gedling,E07000173,363851.759,175.492086,1.09215994,15.7577589,237132.054,175.424898,1.24981564,16.2919814,179229.529,171.294666,1.05343471,16.1110206,124776.491,150.616259,0.31639771,11.0760443
01/09/2022,Mansfield,E07000174,270016.803,167.544733,0.3129586,19.413733,176765.784,166.271522,0.42704196,18.8746613,137614.576,162.396476,0.3920094,18.2413006,98974.2113,145.307636,-0.3449229,15.6892997
01/09/2022,Newark and Sherwood,E07000175,358081.023,161.071327,0.21573229,16.4493879,213527.57,159.935975,0.33667269,16.0840417,168339.911,156.283284,0.13075248,15.8101967,115773.316,137.142262,-0.7404627,10.2513822
01/09/2022,Rushcliffe,E07000176,496318.72,162.869302,3.9558011,17.4088674,326019.63,161.86241,4.04960584,17.875687,251755.826,156.992707,3.76873358,16.7804342,165908.73,136.87963,3.18909093,11.3008059
01/09/2022,Cherwell,E07000177,615735.564,150.007322,-0.9064453,14.3799439,368287.744,147.258047,-0.8827898,13.6145495,299807.731,142.97559,-1.1443454,13.2114331,182364.883,125.576323,-1.7537315,7.49678487
01/09/2022,Oxford,E07000178,1017003.07,147.420334,2.6512353,10.6769869,633039.207,146.916418,2.87299214,13.0435704,494568.022,144.381655,2.76253021,13.1084123,305394.808,125.438761,1.91174434,8.14563904
01/09/2022,South Oxfordshire,E07000179,870066.895,163.504874,0.72503295,10.7938914,521044.672,163.067721,0.75755542,11.5093865,415644.598,155.077068,0.37822755,9.25899609,274458.75,139.146551,-0.3123802,5.43370419
01/09/2022,Vale of White Horse,E07000180,701680.922,146.848204,1.84003711,14.017772,417220.832,143.540247,1.87563627,13.1614334,333638.665,138.198411,1.51768279,11.8033324,220596.265,121.694491,0.85980493,7.00328068
01/09/2022,West Oxfordshire,E07000181,664136.564,152.301703,4.2605137,16.2107891,426013.215,150.611213,4.20021266,15.7905033,348034.684,145.352937,3.75654211,14.2472783,220645.224,127.469114,2.98329427,8.52970787
01/09/2022,Mendip,E07000187,552747.765,170.537319,3.81353437,14.7244568,347091.527,168.17183,3.60327363,14.3634835,284942.791,162.982095,3.38967198,13.3287838,166994.949,141.13275,2.65849178,7.00746115
01/09/2022,Sedgemoor,E07000188,465563.279,174.276917,-0.0014837,15.8239002,298576.395,173.129149,-0.0471403,16.1339405,232444.006,170.316405,-0.1775442,15.6205024,143747.331,148.00596,-0.8379737,9.76814912
01/09/2022,South Somerset,E07000189,451612.748,156.713875,1.619931,12.7901896,282264.44,155.774222,1.47041786,12.5563917,231599.249,151.531653,1.19824063,11.9792121,136607.316,131.573557,0.44599278,5.91106156
01/09/2022,Cannock Chase,E07000192,341319.402,166.305087,1.47882363,14.3449844,211596.142,165.03827,1.65287619,14.10244,183490.573,161.539835,1.39036383,14.1918391,109885.157,140.615661,0.72743663,7.48694472
01/09/2022,East Staffordshire,E07000193,365325.553,155.953151,0.10043073,18.9417435,227531.148,152.125233,0.12100043,17.690788,173779.891,149.00087,-0.1004379,16.9274025,104342.226,130.304541,-0.5880574,11.5205948
01/09/2022,Lichfield,E07000194,490568.642,155.553447,1.60483129,14.1987609,282711.248,155.246574,1.74340218,14.0173593,241108.685,151.011833,1.38518352,12.9162784,153907.179,132.23284,0.70360665,7.46814237
01/09/2022,Newcastle-under-Lyme,E07000195,293857.953,154.044672,0.69246544,12.41901,186896.046,154.53737,0.85879418,12.7641933,147443.02,151.361519,0.69787313,12.4411477,129609.099,140.53075,0.14676519,11.3848588
01/09/2022,South Staffordshire,E07000196,436113.599,163.734488,4.56532439,14.399639,270572.323,161.831931,4.58620133,14.5115885,219442.446,158.96421,4.37665879,14.1725302,139814.183,139.461219,3.62528071,8.88476915
01/09/2022,Stafford,E07000197,392430.022,156.417876,0.37032027,18.7219194,246136.512,153.344895,0.40258873,18.2257454,196163.281,150.056449,0.32885001,17.7472559,124616.463,131.087594,-0.4995396,11.8719553
01/09/2022,Staffordshire Moorlands,E07000198,326803.365,161.265356,2.23550557,15.848886,216931.536,160.472388,2.24708209,16.1687461,169533.044,157.612853,2.09336823,15.6102809,111528.49,138.007283,1.46526032,11.9789713
01/09/2022,Tamworth,E07000199,402543.178,176.424583,0.63100381,16.405402,250410.667,174.43596,0.85794097,15.9915308,200421.597,171.506585,0.71164067,15.7798603,122467.925,148.795456,0.23818298,9.45449746
01/09/2022,Babergh,E07000200,525271.595,161.568656,-0.2020544,14.135493,333442.747,158.322199,-0.1563721,13.7832331,260234.092,153.393624,-0.491357,12.6352473,143147.209,138.414587,-0.9167107,8.88601419
01/09/2022,Ipswich,E07000202,421805.583,159.976236,1.37377989,12.4063077,272781.246,159.442852,1.47659733,12.8259069,211877.745,156.296276,1.37061278,12.6769641,152362.82,136.652635,0.79832624,7.90165981
01/09/2022,Mid Suffolk,E07000203,477557.343,164.511509,2.48343012,16.9066626,292585.556,160.793985,2.35166375,15.9863797,244468.21,157.583496,2.01914604,15.6595799,154167.855,138.335188,1.22741077,9.99588487
01/09/2022,Elmbridge,E07000207,1607284.92,147.081368,3.66883521,11.2888489,760738.022,146.909725,3.61944939,14.1698099,590256.545,143.663703,3.4611159,13.7931443,377372.743,125.617885,2.6721965,9.29544762
01/09/2022,Epsom and Ewell,E07000208,1014213.82,152.219298,1.11443021,9.23533039,668065.44,152.664528,1.32259336,10.968607,495943.264,148.862615,1.21527066,10.5580244,324716.396,129.838659,0.42533645,5.9815485
01/09/2022,Guildford,E07000209,981961.7,150.172838,1.51876006,13.2999217,546938.182,150.151324,1.78151412,14.802489,449998.223,145.232118,1.50983908,14.3681595,284068.577,128.0166,0.77351003,8.91677187
01/09/2022,Mole Valley,E07000210,1032990.86,144.838147,2.12069033,12.1132669,598566.245,146.008424,2.30834331,14.6718494,467128.542,142.275103,2.05290276,14.0018147,297931.248,126.115959,1.25859257,9.67861846
01/09/2022,Reigate and Banstead,E07000211,942729.592,148.748457,0.45873151,12.4536671,541792.709,148.893533,0.66318011,13.7781885,436318.305,144.961201,0.44864046,13.299372,277130.523,126.195204,-0.3061701,7.62400355
01/09/2022,Runnymede,E07000212,943211.402,150.108084,1.6134052,13.6100937,534129.532,148.843728,1.56266311,15.0614965,431937.731,144.718275,1.19103745,14.0382455,279894.791,129.579815,0.46239327,11.2561174
01/09/2022,Spelthorne,E07000213,742342.555,145.465163,1.11422247,10.2779793,520416.593,145.617414,1.24522942,11.4353812,414064.79,142.804627,0.94524339,11.2182735,261788.884,127.247591,0.1296946,7.77185032
01/09/2022,Surrey Heath,E07000214,810873.648,148.702455,2.43097696,15.9568074,468380.065,149.70844,2.64841903,17.3871756,386277.796,143.376032,2.29910708,15.8647317,253097.161,127.596065,1.55227319,11.5902731
01/09/2022,Tandridge,E07000215,989737.216,153.877072,1.6467013,12.121309,569283.612,153.924684,1.67408217,13.627462,450919.471,150.317538,1.38786275,12.8146982,278079.791,133.905059,0.47931791,8.94133236
01/09/2022,Waverley,E07000216,989805.221,153.558267,2.40723937,15.9162141,593788.486,153.451512,2.58457127,17.5040337,450828.4,148.594564,2.16714093,16.1968375,287937.679,130.056362,1.34011443,11.1187309
01/09/2022,Woking,E07000217,1067096.76,146.850038,2.3534578,14.0980821,558172.335,147.192957,2.63721061,16.27968,443327.412,143.920924,2.42791453,16.1079239,282183.913,125.375344,1.63852183,10.7361043
01/09/2022,North Warwickshire,E07000218,404533.805,161.971677,1.7426459,11.8071559,252432.676,158.979674,1.72885328,11.2042937,202174.668,154.404154,1.49520927,10.4571406,148093.192,136.508804,0.72121363,5.50421836
01/09/2022,Nuneaton and Bedworth,E07000219,378005.61,173.773332,1.50348106,14.8699921,230665.574,171.594834,1.69576196,14.3450619,183493.826,167.555626,1.62232539,13.6945136,116153.496,148.125612,1.05966677,9.47750821
01/09/2022,Rugby,E07000220,509889.522,175.934588,1.12004668,17.4858548,302925.544,171.882289,1.05854715,16.240985,230647.99,167.042977,0.97349422,15.3128067,147229.555,148.211098,0.34510494,10.9492778
01/09/2022,Stratford-on-Avon,E07000221,636204.696,148.453159,0.8285383,17.5403857,379106.268,145.669776,0.7979639,16.6777908,303258.732,139.76007,0.48381554,15.2384156,193599.587,124.065119,-0.2974055,11.0099617
01/09/2022,Warwick,E07000222,657626.034,155.080162,1.23795893,11.8826491,390698.814,152.760463,1.3076117,12.027677,322562.706,147.709378,1.07626141,11.1449375,218377.539,130.386767,0.42873072,6.90465085
01/09/2022,Adur,E07000223,620691.56,164.819794,1.45815404,12.9377369,453896.503,163.944148,1.45962519,13.3239297,390064.659,162.976203,1.28479458,14.2719398,229449.026,143.176761,0.6062214,9.0574502
01/09/2022,Arun,E07000224,606219.586,162.508711,1.79593917,15.1995446,389345.792,161.483822,1.85335188,15.5959022,318223.893,159.258611,1.70227071,15.8082517,195767.44,137.626017,0.81872057,8.86414875
01/09/2022,Chichester,E07000225,778233.825,154.738445,-0.3657825,17.2436775,466828.53,154.08807,-0.4582475,17.4928319,403101.368,150.532157,-0.6682018,16.9918943,237500.028,132.395691,-1.579315,12.3529257
01/09/2022,Crawley,E07000226,670433.652,149.625094,4.36486894,12.8100729,436618.158,152.582366,4.73783648,15.034904,333341.365,147.707133,4.43040785,13.2959468,207307.443,131.750607,3.83619183,9.15646315
01/09/2022,Horsham,E07000227,761305.983,149.371529,0.0900722,10.607484,469685.772,148.908226,0.09353079,11.2097932,368704.605,143.544498,-0.2406785,9.91762627,217148.615,125.937404,-0.9972918,4.66004878
01/09/2022,Mid Sussex,E07000228,781471.381,152.554559,1.7578127,15.6429842,498606.918,152.193446,1.84597633,16.8938629,386942.227,146.565403,1.50593543,15.120711,238038.137,130.339604,0.63971099,11.417156
01/09/2022,Worthing,E07000229,677363.486,170.750344,0.26196538,15.893338,482454.337,170.22381,0.33339395,16.6426416,387413.809,168.299051,0.08430916,16.9208638,229484.572,148.077018,-0.4614153,11.3579235
01/09/2022,Bromsgrove,E07000234,540280.736,160.877001,1.0683727,12.3591885,328225.74,160.419801,1.22651675,13.2392266,269305.859,155.572492,0.93920823,12.2793166,159754.834,136.449302,0.10104456,7.1789069
01/09/2022,Malvern Hills,E07000235,484955.015,162.275048,1.91683512,12.069528,317352.314,160.698361,1.80024073,11.6371357,253850.308,155.260003,1.53042458,11.0909124,181246.698,141.101349,0.77989276,8.40043878
01/09/2022,Redditch,E07000236,433229.959,168.357325,2.14529554,14.1509707,267038.623,167.956659,2.47205538,14.1574915,209105.141,164.845892,2.28175761,13.8332307,127368.162,145.111062,1.83062609,8.28610571
01/09/2022,Worcester,E07000237,429980.3,154.381675,0.44493829,13.0783454,269173.945,153.883893,0.69519973,13.3403153,218426.139,148.670813,0.42266019,12.796688,142669.18,132.587847,-0.0494768,7.50878501
01/09/2022,Wychavon,E07000238,529027.231,161.216196,2.86289564,15.5589426,313573.46,158.940893,2.91806047,15.2378377,240768.526,154.080249,2.61020697,14.1426139,157795.012,133.877286,1.96265933,8.16497638
01/09/2022,Wyre Forest,E07000239,404641.837,167.386223,3.26406798,14.4181617,250250.925,166.712895,3.39101082,14.8232226,200311.694,163.175811,3.25885237,14.0396269,129092.033,143.172514,2.56713932,8.75753089
01/09/2022,St Albans,E07000240,1220498.03,147.785354,1.53671833,8.03329901,748163.364,148.249261,1.73766818,10.2481864,547000.053,144.021987,1.69482991,9.5286781,332606.718,127.318949,0.81828372,5.81422105
01/09/2022,Welwyn Hatfield,E07000241,984932.464,154.298443,0.43052532,9.11489224,550502.071,155.525534,0.6904268,11.0368684,412391.723,152.615042,0.47985053,10.8935885,256857.577,133.967481,-0.277871,6.7417838
01/09/2022,East Hertfordshire,E07000242,876659.255,155.193392,0.34263412,11.0384326,521321.424,153.795008,0.47952014,11.4314877,416859.393,148.962725,0.13695389,10.6136938,259310.068,130.631432,-0.5586668,5.00828782
01/09/2022,Stevenage,E07000243,683113.047,167.611428,4.23692437,9.97426979,430295.321,167.611859,4.68847638,10.6543564,338480.798,166.130037,4.38802202,10.5387266,203588.807,144.80688,3.56836877,4.76470165
01/09/2022,East Suffolk,E07000244,462583.169,163.684809,2.0571265,17.5964335,297125.1,164.67733,2.03513029,17.7872823,239872.354,165.151295,1.90682778,17.6087341,161160.578,135.462779,1.19959812,11.7830762
01/09/2022,West Suffolk,E07000245,477668.95,155.740258,0.55940221,13.8861525,302574.785,153.719818,0.54586213,14.0440226,252071.583,152.289699,0.32103145,13.2747959,157852.035,133.905477,-0.471264,10.5255685
01/09/2022,Somerset West and Taunton,E07000246,479874.396,158.927047,0.22474564,14.8812526,311612.042,156.627364,0.13492562,14.7814313,246384.162,151.918203,-0.1448041,13.9708348,155155.233,133.680279,-0.8589112,8.66829176
01/09/2022,Bolton,E08000001,332651.009,168.469849,0.67990678,11.7733252,199618.42,168.096275,0.92747313,12.5111101,147858.604,163.544649,0.93407497,11.191662,110745.164,144.865517,0.15572179,6.62218384
01/09/2022,Bury,E08000002,405235.357,177.004701,-0.0738777,10.8633759,261462.146,177.107856,0.17346466,11.7139592,187113.498,172.941729,0.21181161,11.0485951,127955.765,151.799221,-0.4665105,6.70372645
01/09/2022,Manchester,E08000003,441312.848,189.368912,2.56945256,17.4781774,303615.444,188.64389,2.75418307,18.1982549,228503.928,183.839684,2.69068302,17.303633,195649.92,160.896118,2.00641255,13.4995652
01/09/2022,Oldham,E08000004,332695.062,174.647284,0.92498199,12.5491343,210052.496,172.432723,0.94711058,11.6085215,152848.834,168.110276,1.03942374,10.8961198,125996.222,152.022802,0.02522094,7.56737682
01/09/2022,Rochdale,E08000005,334389.4,178.769058,3.64103854,14.5137974,209071.667,178.662458,3.88613197,15.517494,153099.641,172.294615,3.85775521,13.5805023,101626.594,151.526347,3.1139768,8.48979264
01/09/2022,Salford,E08000006,400746.092,186.134784,0.5287551,18.5692003,260796.412,183.828481,0.63734826,18.022199,192504.495,178.248732,0.58379424,16.4596161,162944.27,161.633738,-0.0191987,14.9299404
01/09/2022,Stockport,E08000007,526999.715,175.625971,0.5812598,16.8879137,327362.822,175.254494,0.80508079,18.0771422,234103.391,171.411704,0.82730604,17.6153748,173679.829,151.287634,-0.1289183,12.7267045
01/09/2022,Tameside,E08000008,365685.81,185.996277,2.91749768,14.5943538,235013.269,185.420557,3.06859544,14.8690906,177099.305,180.061808,3.02939899,13.7756161,131345.366,159.709357,2.29571674,8.79574631
01/09/2022,Trafford,E08000009,697901.369,181.809243,1.71166708,13.0587991,415870.78,181.899396,1.9021374,15.7464892,316846.661,178.130621,1.82629063,15.8892946,222945.638,158.123569,1.01352154,11.4512859
01/09/2022,Wigan,E08000010,315193.551,169.609418,1.95239058,16.3105317,190323.895,166.514169,2.12066517,15.1654726,144658.846,162.526946,2.16967339,14.2374343,98178.4414,144.239079,1.51269892,10.1890306
01/09/2022,Knowsley,E08000011,295327.389,168.782097,-0.1874735,9.48801559,183901.183,165.16374,-0.0618859,7.97530298,133565.736,160.990133,-0.2254159,6.62017813,86417.6068,141.573671,-0.7340864,1.41090075
01/09/2022,Liverpool,E08000012,364632.832,173.508431,3.12385764,13.3687429,228319.07,172.641273,3.28817859,14.6296831,161950.303,168.190633,3.30491778,13.7165118,138409.494,150.638507,2.6803131,12.1542522
01/09/2022,St Helens,E08000013,297377.65,166.000547,-1.7529048,13.6055798,186346.849,163.871796,-1.6622677,13.5182096,138607.551,159.255824,-1.7279682,12.2947293,96938.3732,138.910091,-2.4030496,7.13895964
01/09/2022,Sefton,E08000014,387319.508,162.676192,2.31104681,16.6094135,235132.908,161.512114,2.36831501,16.3387399,166951.985,159.979764,2.26481651,16.2352058,124389.737,138.839513,1.51563208,10.9187777
01/09/2022,Wirral,E08000015,363881.044,156.83505,1.44530739,12.6355194,239255.31,156.667107,1.54871783,13.9052502,163393.891,154.360625,1.57810592,13.4009396,125190.284,137.430103,0.60198862,11.3521088
01/09/2022,Barnsley,E08000016,266159.732,163.580052,1.8656567,14.8927851,163992.797,161.922243,2.0818238,14.4292645,130718.574,156.698134,1.94798819,13.3137543,93283.0782,142.35076,1.14164086,9.05223361
01/09/2022,Doncaster,E08000017,255068.274,151.62034,1.06581504,9.64617861,160176.421,151.518648,1.21688045,10.2004232,126970.904,148.515323,1.19944516,9.64334616,93674.1625,131.212274,0.37358198,5.36841048
01/09/2022,Rotherham,E08000018,270150.14,158.526568,1.96660552,9.90510939,173948.428,157.530463,2.10492322,10.1063444,135917.608,154.028002,1.9890438,9.55688716,97138.4816,138.001831,1.19975604,6.48198519
01/09/2022,Sheffield,E08000019,384765.581,159.541929,2.60270831,13.95791,240070.069,159.772582,2.83256818,14.7717837,188839.393,155.520355,2.59434996,14.1591943,133813.578,136.255155,2.19743399,9.35734724
01/09/2022,Newcastle upon Tyne,E08000021,391460.031,146.27651,1.70069583,15.7110246,229066.271,141.348511,1.8035056,12.7904555,191929.483,137.272425,1.70525435,12.2479268,126043.563,121.415391,1.0759024,8.14168016
01/09/2022,North Tyneside,E08000022,386804.016,154.679234,0.0477416,17.5538288,228020.338,147.5105,0.22535106,15.2137928,196646.045,145.719797,0.09803867,15.3843674,116587.408,127.744103,-0.588721,10.4152062
01/09/2022,South Tyneside,E08000023,296860.52,140.519216,1.84808055,8.56746698,177843.885,138.196373,2.07758226,7.89224465,140584.648,135.82722,1.98711859,7.70299805,90416.4436,119.504143,1.32635449,3.52015649
01/09/2022,Sunderland,E08000024,269123.883,141.81763,1.44245474,10.1898195,149887.18,138.34012,1.57904611,9.06335109,118014.025,134.984795,1.49689578,8.65605825,86779.9492,120.933192,0.86498244,5.20748475
01/09/2022,Birmingham,E08000025,447504.665,165.647841,0.53408862,11.4903717,266446.524,166.516485,0.74311218,12.9529239,212322.774,163.540224,0.59707689,12.6789335,154811.958,144.268386,0.09838318,9.17096556
01/09/2022,Coventry,E08000026,453629.883,172.983088,2.29956218,15.4650517,284179.097,171.563455,2.5090966,16.1166399,212637.547,167.470231,2.23054084,15.7436701,140630.744,147.565619,1.74449648,11.2357002
01/09/2022,Dudley,E08000027,360145.028,170.438326,1.33687417,14.0225632,235138.408,170.693007,1.52887061,14.6521987,195641.328,166.037822,1.28838578,14.0437513,126140.15,146.276533,0.63794925,8.44719365
01/09/2022,Sandwell,E08000028,320555.834,173.631924,-0.4038086,9.13034895,210775.307,174.486907,-0.0928304,10.6476106,177039.176,170.43161,-0.3807502,9.94751909,106837.372,149.369114,-1.0205483,4.96032713
01/09/2022,Solihull,E08000029,598168.863,153.466685,-0.6917094,12.5644188,353454.938,153.570028,-0.5138011,13.5558514,262648.767,151.532815,-0.6671354,12.9914883,183524.332,132.873188,-1.2533398,9.18391394
01/09/2022,Walsall,E08000030,353808.987,163.56929,1.22313295,11.16533,220564.401,165.195286,1.53528801,12.319332,176012.679,162.663315,1.34278765,12.2186098,127145.776,143.1054,0.64802018,8.35556754
01/09/2022,Wolverhampton,E08000031,328596.227,169.637134,1.75248561,13.9127116,207550.007,170.204146,1.90775715,14.8304002,167460.246,166.676889,1.7334322,14.3839329,101944.069,144.49756,1.03006522,8.29398394
01/09/2022,Bradford,E08000032,324219.044,154.439293,1.75854516,13.6110204,190993.967,153.74158,1.86625408,13.976899,147047.331,149.040777,1.67191705,12.7047994,116721.018,131.360446,1.16409878,8.43719765
01/09/2022,Calderdale,E08000033,342299.013,152.521397,2.54326271,7.47513422,207657.065,150.478988,2.41584411,7.8509134,154401.446,146.6772,2.18038045,6.91187504,118000.232,130.798316,1.44083104,3.75133007
01/09/2022,Kirklees,E08000034,325425.513,155.673629,0.81048665,14.9929351,200049.109,153.312808,0.87675057,14.3323406,154636.741,148.728726,0.71332653,13.0577774,114339.729,131.230792,-0.0051568,8.83832019
01/09/2022,Leeds,E08000035,448341.171,167.685829,0.52811024,14.7626657,260734.118,165.821573,0.66915848,14.9623473,198435.802,161.622282,0.55896902,14.1808958,154417.38,142.575098,-0.1306241,9.71885542
01/09/2022,Wakefield,E08000036,323558.301,164.269531,1.51060317,14.4597328,192596.562,162.581234,1.73422874,14.6111007,157320.297,158.171087,1.60930822,13.5330353,102726.734,138.817008,0.83988422,9.36029076
01/09/2022,Gateshead,E08000037,281587.602,134.172512,-0.1124332,7.25180493,171221.097,131.217505,-0.0122518,5.98031886,145219.089,129.08102,-0.101639,5.61977589,91180.598,113.497959,-0.7349051,0.92084506
01/09/2022,City of London,E09000001,,,,,,,,,,,,,780414.899,99.9289133,-2.9928326,-14.024118
01/09/2022,Barking and Dagenham,E09000002,650691.103,167.786399,0.25442439,11.4117906,456379.735,164.988122,0.5267702,11.9883933,386627.147,162.889801,0.24654877,12.5148134,252420.304,146.694112,-0.4506571,8.77751056
01/09/2022,Barnet,E09000003,1502030.46,140.793015,0.27511527,8.05362634,865503.417,139.571092,0.4406173,10.3683514,651883.682,139.013315,0.41065305,11.6415847,423378.382,121.756593,-0.2801298,6.81571556
01/09/2022,Bexley,E09000004,694106.704,160.35092,0.53449118,8.88496544,523531.999,161.181548,0.56726983,10.5918792,415831.37,158.564018,0.29228607,10.6520977,258490.262,139.334517,-0.2482796,5.02196249
01/09/2022,Brent,E09000005,1364300.6,150.857552,5.70685253,13.6691925,890408.543,149.944542,5.84544136,15.4250872,749796.693,147.169273,5.78181202,15.7448366,454102.561,132.806162,5.10930187,12.8366848
01/09/2022,Bromley,E09000006,1082963.28,147.245323,-0.1408026,10.5971361,654529.527,147.637527,0.02369057,12.6344333,482577.46,145.655576,-0.1385223,12.9320197,321629.741,127.511308,-0.8380043,7.8155262
01/09/2022,Camden,E09000007,3270430.36,126.186116,-0.026671,-1.4115012,2187929.78,124.606313,-0.5811822,-0.7818028,1406408.14,119.039665,-1.0056026,-0.8373065,738933.497,106.342153,-1.8817266,-4.092187
01/09/2022,Croydon,E09000008,939958.833,159.101377,1.40353566,10.3088688,604532.691,159.663812,1.58550359,11.7166839,439183.187,157.374958,1.37969236,11.8900016,295356.977,137.636549,0.83533549,6.64663932
01/09/2022,Ealing,E09000009,1290165.05,138.640811,0.15769012,4.74395822,780743.123,138.772059,0.02431527,6.37828692,639884.388,137.209515,-0.0828942,6.79472666,405312.375,121.412938,-0.7305399,2.4256119
01/09/2022,Enfield,E09000010,1131830.26,152.563653,0.61611123,5.6273524,723239.927,153.420521,0.71176268,8.31352043,493611.363,151.54512,0.5605081,8.93137739,305495.141,131.184276,-0.127956,2.99494482
01/09/2022,Greenwich,E09000011,960103.752,148.954597,0.91706556,12.7765177,684665.447,150.144715,1.13986161,14.3218735,511224.756,147.563186,1.01698664,14.238735,368516.467,134.516863,0.36287355,11.5726602
01/09/2022,Hackney,E09000012,1220993.65,151.493585,0.64950341,5.63376416,1171006.31,151.639612,0.8245262,7.82387111,988645.913,149.117671,0.21637731,7.83727834,590782.337,136.714277,-0.5919136,5.39926804
01/09/2022,Hammersmith and Fulham,E09000013,1493696.76,125.825534,0.99354808,-4.2803339,1394522.78,118.240022,1.03451508,-5.5641702,1170686.4,116.267347,1.05282006,-5.3415631,675936.922,105.986798,0.27425635,-7.2122038
01/09/2022,Haringey,E09000014,2215868.04,147.000329,3.74576682,7.0120133,1155281.38,147.764985,3.82973576,8.82865955,745849.77,146.012803,3.44613237,10.1713698,504801.468,128.723129,2.64006248,5.42188836
01/09/2022,Harrow,E09000015,1313742.2,145.208473,-0.7959077,10.5847264,705913.919,147.244928,-0.5042675,13.7993463,565708.146,146.317113,-0.6876234,14.9003834,362308.719,129.357684,-1.1573349,10.3655971
01/09/2022,Havering,E09000016,839926.847,159.860407,1.69937146,7.98749797,531261.592,161.360697,1.76492297,9.50967491,415969.238,159.879893,1.50590516,9.9198368,252916.113,138.988234,0.95713352,4.91842217
01/09/2022,Hillingdon,E09000017,933082.181,147.599749,0.32418684,8.27044159,596201.957,149.533423,0.59689674,9.93004211,460393.394,146.486725,0.36068887,10.0941347,292782.483,130.655043,-0.285145,6.7406863
01/09/2022,Hounslow,E09000018,914812.238,145.440589,0.13136318,10.6590359,658031.839,146.372145,0.16590587,11.1902746,560157.713,144.150878,0.05091873,11.214632,344096.178,127.452961,-0.630194,6.98712295
01/09/2022,Islington,E09000019,2064798.04,133.597978,3.34321271,6.75675808,1429251.24,132.64328,3.03155672,6.86023508,1225977.33,130.246608,2.62452314,7.28754088,642278.877,116.656038,1.62688807,4.19791986
01/09/2022,Kensington and Chelsea,E09000020,4117981.34,119.129427,3.86489217,-2.5895162,4198136.61,119.379053,2.13267305,-2.5115041,2762987.75,113.357501,1.2515139,-2.8236147,1182532.32,103.399423,1.57728919,-4.62218
01/09/2022,Kingston upon Thames,E09000021,1212677.51,144.099248,2.65659892,11.772308,790581.791,143.332038,2.61358287,13.2407296,578369.745,140.884084,2.44534533,13.4974345,386023.102,123.291449,1.95113326,9.24098257
01/09/2022,Lambeth,E09000022,1352872.48,141.68543,1.57923306,10.3008148,1080623.43,140.110446,1.36644579,10.8053192,836855.299,137.875262,1.05395139,10.3894078,477587.58,123.45335,0.13553134,6.50097196
01/09/2022,Lewisham,E09000023,996304.721,149.840795,-0.1023944,11.3518547,809989.926,150.911038,0.15169665,12.8892701,587596.222,148.673552,-0.136354,13.1175542,375391.837,130.755536,-0.7949226,7.85783938
01/09/2022,Merton,E09000024,1819706.21,151.067058,2.38671362,9.09642765,953566.684,149.321519,2.2321589,11.4767737,660027.177,147.981306,2.04354751,12.0063402,415630.065,128.656828,1.37120843,6.23532482
01/09/2022,Newham,E09000025,756940.573,163.243755,1.76659321,10.6268358,614020.837,163.140596,2.02466012,11.7045588,467105.927,160.76901,1.68978347,11.9308977,386959.349,146.546997,0.9802902,9.38679784
01/09/2022,Redbridge,E09000026,1062709.93,158.877378,-1.0625086,6.79390386,689154.147,157.707284,-0.8948848,7.524471,528173.66,155.700032,-1.1304159,7.80835534,316128.16,135.367154,-1.832097,2.86217703
01/09/2022,Richmond upon Thames,E09000027,1727025.03,140.794484,0.83553948,5.62382726,1143274.08,139.690749,0.92305641,7.29454059,902714.956,137.170454,1.03624137,7.09139563,505619.206,120.770081,0.05559077,3.16682014
01/09/2022,Southwark,E09000028,1969831.1,138.753471,0.81971451,14.4968923,1164629.58,138.439848,1.12914111,15.8284182,846899.42,137.004909,1.01095841,16.8038552,479064.134,123.05251,0.24228189,12.9079275
01/09/2022,Sutton,E09000029,1060572.81,152.607714,0.1482468,7.12824993,647085.149,153.147128,0.25539053,9.36798277,450806.821,151.376437,0.04485421,9.66195361,291989.945,130.802892,-0.5858168,4.08376315
01/09/2022,Tower Hamlets,E09000030,,,,,783017.409,130.066702,1.98447757,11.6821863,702512.904,128.960526,1.65480763,11.2612288,471345.525,118.833276,0.9395116,10.1127661
01/09/2022,Waltham Forest,E09000031,972265.199,167.280761,1.73760504,10.9561953,827615.211,166.552571,1.78593014,11.9892423,605781.867,164.654967,1.64272277,12.5544648,395306.839,143.986576,0.94754211,7.65727932
01/09/2022,Wandsworth,E09000032,2026582.18,133.907639,1.82370085,5.35729441,1373303.98,131.372023,1.69195797,6.83771202,955584.773,128.321497,1.43326105,6.97107067,545462.3,114.525148,0.49269917,3.53237634
01/09/2022,City of Westminster,E09000033,2948759.04,110.028341,-3.2326599,-8.097799,2485483.61,103.698514,-4.7398502,-8.876122,1653536.25,103.43642,-4.5602637,-7.4081213,865012.652,94.0493238,-4.6653342,-9.6544432
01/09/2022,Clackmannanshire,S12000005,307072.057,163.501596,-2.4659446,5.67271084,174474.643,162.725264,-1.7561183,5.27122673,130507.071,160.118892,-1.8605816,4.76588045,87680.5191,143.190223,-1.8119637,2.19501799
01/09/2022,Dumfries and Galloway,S12000006,244868.362,140.738199,-2.2321406,13.6742637,158327.344,139.604529,-1.6584385,12.9236675,125837.496,137.599699,-1.7649523,13.1704791,89763.5478,123.817482,-1.7639253,10.3763842
01/09/2022,East Ayrshire,S12000008,241385.093,152.690824,2.14947671,13.8746663,136794.605,151.363049,2.89701722,12.961541,103769.369,146.852663,2.67724592,12.6202995,72111.3188,133.236288,2.68753724,9.72455157
01/09/2022,East Lothian,S12000010,566608.204,173.984562,2.7297073,10.5462592,316470.639,169.895164,3.39126826,8.65535684,255147.335,165.997593,3.37246414,8.61713387,182114.018,148.714942,3.26969072,4.34802023
01/09/2022,East Renfrewshire,S12000011,539876.344,170.988847,-1.5814345,11.008708,298487.412,168.909914,-0.6870067,10.6250759,227037.262,165.555891,-0.6922526,10.4753702,152251.661,149.672515,-1.0947384,7.64546993
01/09/2022,Na h-Eileanan Siar,S12000013,204576.221,155.542052,1.38720104,30.6525779,135962.399,155.419032,1.94707308,30.5596462,105169.387,148.087092,1.83472964,28.546072,99758.1094,140.229699,1.81061552,28.831399
01/09/2022,Falkirk,S12000014,309576.707,163.870803,-1.6102433,9.60675839,179472.322,160.921909,-0.8848879,9.14397386,134414.07,160.31299,-1.0273298,9.64426065,90900.258,143.716692,-1.0825674,6.29576437
01/09/2022,Highland,S12000017,315854.115,145.630334,1.17740312,12.1871071,194640.845,144.82416,1.93227333,11.971972,150897.106,142.24873,1.85706175,11.8825541,110434.862,129.008895,1.64174377,9.59303724
01/09/2022,Inverclyde,S12000018,309301.643,144.38345,-0.0816098,13.005376,154837.37,144.949637,0.93723493,13.6017948,124345.92,141.970427,0.76711789,12.8711917,90232.8653,128.662531,0.72898177,9.9695937
01/09/2022,Midlothian,S12000019,447788.575,171.378774,1.63262386,12.1179929,259799.797,168.331853,2.52501489,11.0956002,200563.802,163.580375,2.30093911,10.5023676,139049.603,146.62026,2.06254414,7.02765953
01/09/2022,Moray,S12000020,293182.366,144.664376,0.29712162,12.1786029,188606.173,143.952336,0.87880729,12.5685748,143144.074,140.421592,0.73054023,11.2402539,104527.217,128.199953,0.61170733,8.53575328
01/09/2022,North Ayrshire,S12000021,247051.687,142.585722,1.16680257,14.1116139,142008.511,140.787888,1.84856577,13.5908706,109029.379,139.36503,1.68595062,13.2877102,81595.8319,125.542667,1.5714565,10.1548862
01/09/2022,Orkney Islands,S12000023,303046.149,189.878712,4.74113228,28.355362,197264.571,188.787971,5.17466125,28.2293434,176117.646,185.165309,5.22215581,29.3044412,130046.865,171.548648,4.79129685,24.8556085
01/09/2022,Scottish Borders,S12000026,353819.151,148.915197,2.07435231,8.3436777,215116.399,149.72026,2.89760286,8.54643838,177581.848,146.75377,2.67579256,8.54227462,112569.621,133.46233,2.87065774,5.46081835
01/09/2022,Shetland Islands,S12000027,246454.178,148.316475,-2.3528503,20.1471726,165799.711,147.623213,-1.6332165,19.0002258,132765.626,143.265495,-1.8589885,20.9838821,118132.142,136.09279,-1.8603433,16.5441316
01/09/2022,South Ayrshire,S12000028,303721.928,141.199768,-2.2960977,7.80389952,183437.965,139.984137,-1.5688071,8.2501886,142023.45,138.358748,-1.6803817,8.02024428,98643.7684,125.457754,-1.7339261,5.61250048
01/09/2022,South Lanarkshire,S12000029,321170.929,158.916409,-2.4877464,9.17622821,186103.77,157.401488,-1.6526093,8.89942866,133483.743,154.493575,-1.730747,8.18591701,92075.305,138.648737,-1.7204138,4.92280996
01/09/2022,Stirling,S12000030,444008.528,163.79144,1.13952085,10.906719,237629.405,163.391479,2.05535798,11.3254975,189720.226,161.350566,1.93726292,11.2324802,152774.077,142.758768,1.76265551,7.78465128
01/09/2022,City of Aberdeen,S12000033,353587.808,80.8244891,-2.6585979,-0.6374477,205165.214,79.587267,-1.8483735,-0.6690318,147109.016,79.1423238,-1.9787493,-0.9114112,101958.723,68.8206374,-1.9591664,-4.2622634
01/09/2022,Aberdeenshire,S12000034,286753.167,102.094707,-1.1382688,2.23723734,175254.67,101.38756,-0.3095363,2.39885019,143448.013,99.3295164,-0.4506778,1.69565284,102089.312,90.2200338,-0.5725995,-0.7300418
01/09/2022,Argyll and Bute,S12000035,332797.909,161.243251,4.2941703,26.2951925,211440.75,159.904886,4.97099283,26.4522132,161464.182,155.79256,4.89899154,25.8283018,127075.309,143.065319,4.77480139,22.8541921
01/09/2022,City of Edinburgh,S12000036,768347.478,168.979514,-0.1168969,8.95162365,478649.511,167.573514,0.46638442,8.82057562,384151.56,165.099659,0.4404267,10.1108281,254001.573,146.093607,0.31753897,5.37570475
01/09/2022,Renfrewshire,S12000038,333485.018,160.897586,-0.2755409,13.9477062,190914.382,157.745199,0.41868291,11.7886455,137670.864,154.642916,0.38369738,11.6524571,95644.8708,140.189059,0.39923847,8.53754165
01/09/2022,West Dunbartonshire,S12000039,305108.585,156.213378,-1.5069548,9.01813952,176029.076,155.742,-0.7376367,8.43412538,132771.607,153.992026,-0.9876236,8.70083301,93084.8581,138.361706,-0.9854418,5.29030384
01/09/2022,West Lothian,S12000040,393577.678,171.114497,1.87815436,17.3629143,215550.521,168.806899,2.66417889,16.2100167,165952.736,165.65701,2.45684143,15.4458179,120426.253,149.634926,2.34780132,11.9704933
01/09/2022,Angus,S12000041,291332.764,131.040257,0.78026104,8.79582645,185974.567,129.53321,1.41730604,8.62520316,132613.816,126.146591,1.47480008,7.70881239,96062.3766,115.471143,1.37617227,5.38327246
01/09/2022,City of Dundee,S12000042,340188.073,144.78292,-0.5231318,11.3231169,198968.864,143.277581,0.18615978,10.4270223,144587.89,140.436981,0.03641848,9.7421314,104729.568,125.700273,0.02773869,6.67972177
01/09/2022,East Dunbartonshire,S12000045,490171.18,159.33893,0.62480173,12.5203908,286413.802,158.48516,1.48683085,13.0578609,206771.21,157.254487,1.46715822,14.0664658,144866.613,141.833428,1.35084777,10.9551221
01/09/2022,Fife,S12000047,319926.582,154.547158,-0.5440112,9.40865586,183505.938,153.198483,0.11697377,9.0568595,142704.889,150.706624,-0.0047527,8.79580387,102909.05,135.6907,-0.0500564,5.79884819
01/09/2022,Perth and Kinross,S12000048,378882.218,152.323833,-1.0817947,9.32063078,236516.951,150.689176,-0.3452718,8.84337149,184939.176,147.990693,-0.4515603,8.95320227,126219.115,134.026655,-0.4255301,5.66541403
01/09/2022,City of Glasgow,S12000049,469368.603,187.158575,-1.0776542,11.8537637,260363.582,182.119365,-0.4174283,9.71253071,222571.344,180.184514,-0.5154957,10.0368488,147057.85,159.047476,-0.5560596,6.02219348
01/09/2022,North Lanarkshire,S12000050,284332.724,163.66748,-0.9881069,11.2576693,155168.765,161.293057,-0.2598959,10.3573637,115183.261,158.286012,-0.3956479,9.57217868,79180.2715,142.86434,-0.4501743,6.31161708
01/09/2022,Isle of Anglesey,W06000001,327647.681,169.027761,2.9448578,12.199524,212125.876,168.204852,2.84261044,12.3676281,168137.797,164.019972,2.57258829,11.722614,145920.104,147.690011,2.16135386,8.18676979
01/09/2022,Gwynedd,W06000002,316359.731,161.407168,3.64307238,12.1129987,220071.307,160.560446,3.54988851,12.7786955,164983.481,155.333513,3.23986564,11.5398103,123978.645,138.573686,2.75600909,7.17829477
01/09/2022,Conwy,W06000003,316649.728,160.392235,0.82709374,13.3757376,215823.395,158.835705,0.8166988,13.4973503,174377.666,155.937248,0.59401482,13.1687775,129245.513,137.339828,-0.0240514,8.9103721
01/09/2022,Denbighshire,W06000004,266334.232,156.930523,1.13272352,18.6446097,189344.043,156.203334,1.14885735,19.2808947,149751.519,153.22957,1.09492899,18.5016572,101482.636,135.464937,0.49232463,13.8061915
01/09/2022,Flintshire,W06000005,307862.047,151.926617,2.84975814,13.7665755,188487.17,150.157884,2.97374328,13.5010788,153710.572,146.946368,2.72859869,12.8078884,100994.096,127.010932,1.9044626,7.2566157
01/09/2022,Wrexham,W06000006,304915.892,155.036044,1.16636781,12.7754014,190150.269,153.934517,1.21879678,12.5913691,158157.036,150.875975,1.12073684,12.2021767,104779.154,136.201647,0.44632092,11.2884315
01/09/2022,Ceredigion,W06000008,338711.134,154.690977,1.03496107,15.7233629,220609.29,152.628422,0.78965191,15.3178578,190091.581,149.214587,0.67752108,14.9079538,118874.324,129.503408,-0.3086417,8.88964187
01/09/2022,Pembrokeshire,W06000009,346733.648,160.59239,0.93888396,17.2379127,220759.093,159.538776,0.77126068,17.5268131,185377.287,155.007937,0.68598725,16.2705997,119968.639,136.8067,0.04256055,11.6372285
01/09/2022,Carmarthenshire,W06000010,280949.99,164.078083,0.10066196,12.6944674,182947.395,162.87623,-0.0271134,12.7563764,148817.258,159.332505,-0.1914713,12.2517813,115772.497,139.618704,-0.8855786,6.68505562
01/09/2022,Swansea,W06000011,319499.888,155.699766,1.19572704,15.4028972,207819.83,154.728802,1.26811072,15.2612625,161707.125,152.001813,1.27816443,14.9059562,112641.729,132.055173,0.1425753,8.96734156
01/09/2022,Neath Port Talbot,W06000012,254960.154,165.896425,1.82337601,18.5685574,161804.179,164.015118,1.8911534,18.3446186,132069.709,161.023575,1.74485759,18.127041,82064.383,141.505333,1.19399958,12.6760543
01/09/2022,Bridgend,W06000013,320408.577,165.448699,0.64707459,14.0456192,201825.506,164.202786,0.69388393,14.4659921,161216.714,160.914642,0.51038463,14.0328379,102722.278,140.232566,-0.2305437,9.37198504
01/09/2022,Vale of Glamorgan,W06000014,529963.949,176.339622,2.12017881,18.2112051,322350.406,170.951901,2.06583961,16.5069086,249689.104,170.272933,1.93466106,17.1863172,181027.301,148.023578,1.10184521,11.6387598
01/09/2022,Cardiff,W06000015,519967.821,159.683225,2.84727267,14.2356801,316136.099,159.201368,3.0922276,14.4040572,258032.871,156.120679,2.96784138,14.1352159,168143.61,134.935787,2.14146418,8.55298958
01/09/2022,Rhondda Cynon Taf,W06000016,278721.853,176.702386,0.77014904,17.9056814,171062.598,173.496312,0.82493545,17.8471525,133241.807,170.438567,0.65470752,17.6373462,95469.7917,149.861231,0.04234891,12.274878
01/09/2022,Caerphilly,W06000018,312059.472,172.159141,0.63050957,17.6186991,189734.966,170.28395,0.64262182,17.2313316,156250.898,166.826476,0.34397384,16.9182771,105326.061,145.171698,-0.3031931,11.0613633
01/09/2022,Blaenau Gwent,W06000019,229812.118,185.423283,1.11284002,18.358268,153669.522,184.120381,1.22060438,18.3666939,123237.188,180.417523,1.01200433,18.0315745,73188.8187,160.934684,0.2394615,13.0594983
01/09/2022,Torfaen,W06000020,354484.253,178.963387,1.38479988,15.6348231,204982.2,174.615845,1.469996,13.8822527,161683.572,170.956176,1.24546779,13.2760372,96508.8499,150.215701,0.52067157,7.79315903
01/09/2022,Monmouthshire,W06000021,527595.494,177.404596,2.71582486,15.1090842,303182.026,175.306997,2.6877513,15.324096,246579.886,171.800722,2.43312268,15.2247116,172496.714,150.745538,1.61135198,10.1294935
01/09/2022,Newport,W06000022,404841.031,174.066471,0.25142751,11.6042629,245399.211,170.971559,0.32019438,11.0057731,179080.571,166.532281,0.26571765,10.2529009,121143.3,147.105735,-0.4344739,5.03198865
01/09/2022,Powys,W06000023,352906.181,166.403798,4.65030285,17.0576751,232764.214,164.214141,4.33614956,16.4560344,181105.252,160.546321,4.16990201,15.7997497,105590.983,141.98243,3.57052227,10.7008658
01/09/2022,Merthyr Tydfil,W06000024,269668.863,179.647537,1.13240201,21.6075452,169848.197,176.670056,1.12233575,21.1096685,127435.187,171.522725,0.73352323,19.7190637,69584.6174,149.798435,0.17355553,12.0961202